<?xml version="1.0" ?>
<LOG_ROOT>
	<PROJECT NAME="read_encoder">
		<CBX_INST_ENTRY INSTANCE_NAME="|read_encoder|enc_module:inst|encoder:inst1|lpm_counter1:inst|lpm_counter:lpm_counter_component" CBX_FILE_NAME="cntr_t2h.tdf"/>
		<CBX_INST_ENTRY INSTANCE_NAME="|read_encoder|enc_module:inst12|encoder:inst1|lpm_counter1:inst|lpm_counter:lpm_counter_component" CBX_FILE_NAME="cntr_t2h.tdf"/>
		<CBX_INST_ENTRY INSTANCE_NAME="|read_encoder|enc_module:inst12|lpm_counter0:inst|lpm_counter:lpm_counter_component" CBX_FILE_NAME="cntr_g7h.tdf"/>
		<CBX_INST_ENTRY INSTANCE_NAME="|read_encoder|enc_module:inst7|encoder:inst1|lpm_counter1:inst|lpm_counter:lpm_counter_component" CBX_FILE_NAME="cntr_t2h.tdf"/>
		<CBX_INST_ENTRY INSTANCE_NAME="|read_encoder|enc_module:inst7|lpm_counter0:inst|lpm_counter:lpm_counter_component" CBX_FILE_NAME="cntr_g7h.tdf"/>
		<CBX_INST_ENTRY INSTANCE_NAME="|read_encoder|enc_module:inst|encoder:inst1|lpm_counter1:inst3|lpm_counter:lpm_counter_component" CBX_FILE_NAME="cntr_t2h.tdf"/>
		<CBX_INST_ENTRY INSTANCE_NAME="|read_encoder|enc_module:inst|lpm_mux0:inst3|LPM_MUX:lpm_mux_component" CBX_FILE_NAME="mux_fnd.tdf"/>
		<CBX_INST_ENTRY INSTANCE_NAME="|read_encoder|enc_module:inst12|encoder:inst1|lpm_counter1:inst3|lpm_counter:lpm_counter_component" CBX_FILE_NAME="cntr_t2h.tdf"/>
		<CBX_INST_ENTRY INSTANCE_NAME="|read_encoder|enc_module:inst12|lpm_mux0:inst3|LPM_MUX:lpm_mux_component" CBX_FILE_NAME="mux_fnd.tdf"/>
		<CBX_INST_ENTRY INSTANCE_NAME="|read_encoder|enc_module:inst7|encoder:inst1|lpm_counter1:inst3|lpm_counter:lpm_counter_component" CBX_FILE_NAME="cntr_t2h.tdf"/>
		<CBX_INST_ENTRY INSTANCE_NAME="|read_encoder|enc_module:inst7|lpm_mux0:inst3|LPM_MUX:lpm_mux_component" CBX_FILE_NAME="mux_fnd.tdf"/>
		<CBX_INST_ENTRY INSTANCE_NAME="|read_encoder|enc_module:inst|lpm_counter0:inst|lpm_counter:lpm_counter_component" CBX_FILE_NAME="cntr_g7h.tdf"/>
	</PROJECT>
</LOG_ROOT>
